command,value,unit
HOMING,ALL
ALIGN,1,0,0
PVTR,180,DEG
F,1000,MM
ALIGN,2,0,0
PVTL,90,DEG
F,3000,MM
CALL,PICKUP
F,3000,MM
ALIGN,3,0,0
PVTR,90,DEG
F,1000,MM
CALL,CHECK
ALIGN,4,0,0
PVTL,90,DEG
F,2000,MM
CALL,DROP
ALIGN,5,0,0
PVTL,90,DEG
F,1000,MM
ALIGN,6,0,0
PVTL,90,DEG
F,1000,MM
ALIGN,7,0,0
PVTR,90,DEG
F,1000,MM
ALIGN,8,0,0
PVTL,90,DEG
F,6000,MM
CALL,END

LABEL,PICKUP
UPDATE_STATUS, AT_DISPATCHER
WAIT_RESPONSE, AT_DISPATCHER_OK
WAITIN, 1,5,1
UPDATE_STATUS, TYRE_DROPPED
WAIT_RESPONSE, TYRE_DROPPED_OK
RETURN

LABEL,CHECK
UPDATE_STATUS, CHECK_PAINTING
WAIT_RESPONSE, PAINTING_IDLE
RETURN

LABEL,DROP
UPDATE_STATUS, AT_PAINTING
WAIT_RESPONSE, AT_PAINTING_OK
WAITIN, 1,5,0
UPDATE_STATUS, TYRE_PICKEDUP
WAIT_RESPONSE, TYRE_PICKEDUP_OK
RETURN

LABEL,END
CHECK_BATTERY,20
IF_LESS_THAN,CALL,CHARGING
ELSE,UPDATE_STATUS,IDLE
RETURN

LABEL,CHARGING
ALIGN,8,0,0
F,1000,MM
UPDATE_STATUS,CHARGING
WAIT_BATTERY,100
UPDATE_STATUS,IDLE
RETURN
